"0",""
"0","library(data.table)"
"0","library(tidyverse)"
"2","Registered S3 methods overwritten by 'dbplyr':
  method         from
  print.tbl_lazy     
  print.tbl_sql      
"
"2","[30m-- [1mAttaching packages[22m ------------------------------------------------------------------------------------- tidyverse 1.3.1 --[39m
"
"2","[30m[32méˆ­?[30m [34mtibble [30m 3.1.6     [32méˆ­?[30m [34mpurrr  [30m 0.3.4
[32méˆ­?[30m [34mtidyr  [30m 1.2.0     [32méˆ­?[30m [34mstringr[30m 1.4.0
[32méˆ­?[30m [34mreadr  [30m 2.1.2     [32méˆ­?[30m [34mforcats[30m 0.5.1[39m
"
"2","[30m-- [1mConflicts[22m ---------------------------------------------------------------------------------------- tidyverse_conflicts() --
[31mx[30m [34mdplyr[30m::[32mbetween()[30m   masks [34mdata.table[30m::between()
[31mx[30m [34mnlme[30m::[32mcollapse()[30m   masks [34mdplyr[30m::collapse()
[31mx[30m [34mdplyr[30m::[32mfilter()[30m    masks [34mstats[30m::filter()
[31mx[30m [34mdplyr[30m::[32mfirst()[30m     masks [34mdata.table[30m::first()
[31mx[30m [34mdplyr[30m::[32mlag()[30m       masks [34mstats[30m::lag()
[31mx[30m [34mdplyr[30m::[32mlast()[30m      masks [34mdata.table[30m::last()
[31mx[30m [34mpurrr[30m::[32mtranspose()[30m masks [34mdata.table[30m::transpose()[39m
"
"0","library(plotly)"
"2","
è½½å…¥ç¨‹è¾‘åŒ…ï¼šâ€˜plotlyâ€™

"
"2","The following object is masked from â€˜package:ggplot2â€™:

    last_plot

"
"2","The following object is masked from â€˜package:statsâ€™:

    filter

"
"2","The following object is masked from â€˜package:graphicsâ€™:

    layout

"
"0","library(knitr)"
"0","library(widgetframe)"
"2","è½½å…¥éœ€è¦çš„ç¨‹è¾‘åŒ…ï¼šhtmlwidgets
"
